id,ID,Phone Number,Email ID
1,1,9811979111,krish.joshi.111@gmail.com
2,2,9811979112,krish.joshi.112@gmail.com
3,3,9811979113,krish.joshi.113@gmail.com
4,4,9811979114,krish.joshi.114@gmail.com
5,5,9811979115,krish.joshi.115@gmail.com
6,6,9811979116,krish.joshi.116@gmail.com
7,7,9811979117,krish.joshi.117@gmail.com
8,8,9811979118,krish.joshi.118@gmail.com
9,9,9811979119,krish.joshi.119@gmail.com
10,10,9811979120,krish.joshi.120@gmail.com
11,11,98119792099,krish.joshi.121@gmail.com
12,12,9811979209,krish.joshi.122@gmailcom
13,13,981197920,krish.joshi.123@gmail.com
14,14,9811979209,krish.joshi.124@gmail.com
15,15,9811979209,krish.joshi.125@gmail.com
16,16,+919811979209,krish.joshi.126@gmail.com
17,17,+919811979209,krish.joshi.127@gmail.com
18,18,+1029811979209,krish.joshi.128@gmail.com
19,19,+109811979209,krish.joshi.129@gmail.com
20,20,9811979209,krish.joshi.130@gmail.com
21,21,+1049811979209,krish.joshi.131@gmail.com
22,22,+10449811979209,krish.joshi.132@gmail.com
23,23,+1049811979209,krish.joshi.133@gmail.com
24,24,+104 9811979209,krish.joshi.134@gmail.com